directory,linux,bob,bob,1,0,2018-06-23 19:15:35,2018-08-18 09:05:02,rwxr-xr-x
directory,drivers,bob,bob,2,1,2017-06-27 01:02:44,2017-10-05 06:02:11,rwxr-xr-x
directory,perfctr,bob,bob,3,2,2021-10-19 15:58:04,2021-11-13 10:21:53,rwxr-xr-x
file,global.c,bob,bob,4,3,2020-02-20 10:42:37,2021-05-26 23:26:11,rw-r--r--
file,init.c,bob,bob,5,3,2016-07-26 12:23:02,2017-08-24 07:09:18,rw-r--r--
file,virtual_stub.c,bob,bob,6,3,2018-10-10 23:47:55,2019-04-10 14:48:45,rw-r--r--
file,x86.c,bob,bob,7,3,2018-01-15 16:15:14,2018-11-03 06:47:49,rw-r--r--
file,x86_setup.c,bob,bob,8,3,2018-10-27 00:39:55,2019-09-07 06:40:58,rw-r--r--
file,x86_tests.c,bob,bob,9,3,2016-06-06 10:00:30,2016-06-23 14:34:52,rw-r--r--
directory,win2k,mia,mia,10,0,2016-08-30 04:50:39,2017-04-19 10:10:58,rwxr-xr-x
directory,shell,mia,mia,11,10,2020-08-13 21:18:45,2021-07-04 22:32:53,rwxr-xr-x
file,PAPI_Errors.c,mia,mia,12,11,2019-05-13 04:13:56,2020-02-06 15:38:45,rw-r--r--
file,StdAfx.c,mia,mia,13,11,2016-10-24 15:45:12,2017-01-31 02:44:03,rw-r--r--
file,test_get_cycles.c,mia,mia,14,11,2015-04-24 06:19:12,2015-10-05 06:32:17,rw-r--r--
file,winpapi_console.c,mia,mia,15,11,2018-01-18 20:54:10,2019-04-23 06:14:16,rw-r--r--
file,WinPAPIShell.c,mia,mia,16,11,2017-01-06 11:26:27,2017-05-30 03:03:00,rw-r--r--
directory,substrate,mia,mia,17,10,2020-11-18 16:16:19,2021-03-16 15:28:57,rwxr-xr-x
file,cpuinfo.c,mia,mia,18,17,2019-12-23 23:43:26,2020-09-28 00:04:11,rw-r--r--
file,win32.c,mia,mia,19,17,2016-03-20 22:36:50,2017-07-13 05:11:46,rw-r--r--
directory,winpmc,mia,mia,20,10,2016-05-06 03:30:52,2016-05-28 21:16:10,rwxr-xr-x
file,pmclib.c,mia,mia,21,20,2020-10-20 19:26:57,2021-06-18 13:52:27,rw-r--r--
file,pmc_x86.c,mia,mia,22,20,2018-06-01 00:49:11,2019-03-30 07:29:04,rw-r--r--
file,WinPMC.c,mia,mia,23,20,2019-02-13 07:37:44,2019-03-22 10:01:14,rw-r--r--
directory,tools,mia,mia,24,10,2020-06-05 21:51:50,2021-02-04 08:24:36,rwxr-xr-x
directory,papiex,mia,mia,25,24,2017-08-28 01:25:12,2018-08-16 21:59:00,rwxr-xr-x
directory,src,mia,mia,26,25,2019-04-26 20:57:26,2020-06-23 04:33:27,rwxr-xr-x
file,eventinfo.c,mia,mia,27,26,2019-05-25 09:10:06,2019-09-13 04:55:36,rw-r--r--
file,main.c,mia,mia,28,26,2020-03-28 08:01:25,2020-05-27 22:41:25,rw-r--r--
file,papiex.c,mia,mia,29,26,2019-01-01 00:22:01,2019-10-05 16:58:39,rw-r--r--
directory,tests,mia,mia,30,25,2022-11-16 14:46:10,2023-10-07 20:57:47,rwxr-xr-x
directory,src,mia,mia,31,30,2023-01-09 15:25:04,2023-07-20 09:15:27,rwxr-xr-x
file,abort.c,mia,mia,32,31,2017-02-10 03:59:16,2017-12-25 03:56:02,rw-r--r--
file,assert.c,mia,mia,33,31,2020-08-26 18:42:14,2021-05-11 07:13:42,rw-r--r--
directory,papinfo,mia,mia,34,24,2022-01-24 06:12:58,2023-05-18 11:01:11,rwxr-xr-x
directory,src,mia,mia,35,34,2023-05-16 22:09:35,2024-09-16 22:41:42,rwxr-xr-x
file,main.c,mia,mia,36,35,2021-03-06 03:17:29,2021-11-25 04:20:46,rw-r--r--
directory,trapper,mia,mia,37,24,2015-02-14 20:25:29,2016-02-06 19:51:11,rwxr-xr-x
file,process_trap.c,mia,mia,38,37,2015-05-14 09:51:43,2016-04-27 16:06:36,rw-r--r--
file,pthread_trap_create.c,mia,mia,39,37,2018-12-02 04:43:50,2019-05-19 21:15:41,rw-r--r--
directory,tests,mia,mia,40,37,2018-12-11 13:25:35,2019-11-04 11:41:33,rwxr-xr-x
file,dumbtime.c,mia,mia,41,40,2022-06-21 06:14:17,2022-08-16 12:30:45,rw-r--r--
file,test5.c,mia,mia,42,40,2023-07-20 17:39:53,2023-09-23 19:24:27,rw-r--r--
directory,winpmc,raj,raj,43,0,2015-10-11 05:21:17,2017-01-30 15:14:55,rwxr-xr-x
file,pmclib.c,raj,raj,44,43,2020-04-09 16:57:35,2020-08-09 10:52:07,rw-r--r--
file,pmc_x86.c,raj,raj,45,43,2023-03-25 17:19:41,2024-05-17 04:13:35,rw-r--r--
file,WinPMC.c,raj,raj,46,43,2016-10-28 07:42:59,2017-11-03 16:28:42,rw-r--r--
